Agent,Route,Time(steps),Distance(m),Speed(m/s),MaxSpeed(m/s),Edges,TLS_enc,Amber_enc,Red_enc,Green_enc,Amber_runs,Red_runs,Green_runs,Sudden_brakes,MaxDecel(m/s^2),AvgDecel(m/s^2),Lane_changes,Collisions,WaitTime(s)
safe_1,1,190,1734.15,9.13,18.95,44,4,0,4,0,1,4,0,55,18.95,10.42,43,3,0.0
risky_1,1,154,1716.52,11.15,16.78,41,3,1,2,0,2,3,0,47,16.78,8.82,40,3,0.0
safe_1,7,257,2286.16,8.9,29.45,78,5,1,3,1,2,4,1,81,29.45,9.4,79,3,0.0
risky_1,7,248,2262.51,9.12,16.78,76,7,1,5,1,1,5,1,68,16.78,9.9,77,3,0.0
safe_1,4,204,1996.67,9.79,18.95,43,4,0,4,0,0,6,0,64,14.31,9.1,44,4,0.0
risky_1,4,220,1990.6,9.05,16.78,46,5,1,4,0,1,5,0,73,16.78,9.08,47,4,0.0
safe_1,6,188,1769.8,9.41,18.95,59,8,1,6,1,3,4,2,56,18.95,10.04,58,0,0.0
risky_1,6,218,1770.34,8.12,16.78,59,7,2,4,1,3,5,1,61,16.78,10.22,58,0,0.0
safe_1,3,143,1543.18,10.79,18.95,44,4,2,1,1,2,1,1,41,18.95,8.98,44,2,0.0
risky_1,3,174,1528.27,8.78,16.78,44,4,1,3,0,1,3,0,48,16.78,9.84,43,2,0.0
safe_1,10,201,2117.16,10.53,18.95,55,7,0,6,1,0,7,1,57,18.95,9.99,54,4,0.0
risky_1,10,236,2141.33,9.07,16.78,62,6,2,4,0,3,5,0,70,16.78,9.1,62,4,0.0
safe_1,10,213,2140.0,10.05,18.95,58,8,0,8,0,0,8,0,59,18.95,9.78,58,2,0.0
risky_1,10,231,2142.13,9.27,16.78,63,6,0,6,0,1,7,0,64,16.78,8.74,63,2,0.0
safe_1,8,-,-,-,-,-,-,-,-,-,-,-,-,-,-,-,-,-
risky_1,8,-,-,-,-,-,-,-,-,-,-,-,-,-,-,-,-,-
safe_1,9,221,2174.52,9.84,18.95,63,4,1,3,0,1,3,0,53,18.95,9.86,62,3,0.0
risky_1,9,203,2152.84,10.61,16.78,57,4,1,3,0,0,4,0,55,16.78,9.13,56,3,0.0
safe_1,1,165,1740.63,10.55,18.95,46,5,0,5,0,0,5,0,39,18.95,9.69,45,0,0.0
risky_1,1,176,1741.82,9.9,16.78,47,5,2,3,0,2,3,0,55,16.78,9.08,46,0,0.0
safe_1,6,189,1769.47,9.36,18.95,56,6,0,4,2,2,5,2,51,18.95,10.64,55,1,0.0
risky_1,6,181,1727.83,9.55,16.78,55,7,3,2,2,4,3,2,62,16.78,8.45,55,1,0.0
safe_1,5,143,1496.38,10.46,18.95,43,4,0,4,0,0,4,0,28,11.49,10.64,42,2,0.0
risky_1,5,167,1501.2,8.99,16.78,45,4,2,2,0,2,2,0,37,16.78,9.81,45,2,0.0
safe_1,8,-,-,-,-,-,-,-,-,-,-,-,-,-,-,-,-,-
risky_1,8,-,-,-,-,-,-,-,-,-,-,-,-,-,-,-,-,-
safe_1,10,223,2148.23,9.63,18.95,57,8,3,4,1,4,3,1,54,13.69,9.54,57,3,0.0
risky_1,10,204,2130.13,10.44,16.78,55,7,1,5,1,1,6,1,67,16.78,8.63,54,3,0.0
safe_1,5,139,1499.13,10.79,18.95,41,4,2,2,0,1,3,0,27,18.95,10.57,42,2,0.0
risky_1,5,154,1480.05,9.61,16.78,44,1,1,0,0,3,1,0,42,16.78,8.83,44,2,0.0
safe_1,2,291,2528.41,8.69,18.95,78,3,2,0,1,3,0,1,40,18.95,12.79,79,1,0.0
risky_1,2,257,2517.23,9.79,16.78,80,2,1,1,0,1,2,1,71,16.78,9.48,81,1,0.0
safe_1,1,176,1708.07,9.7,18.95,46,3,0,2,1,1,3,1,28,11.37,10.57,45,5,0.0
risky_1,1,154,1701.95,11.05,16.78,41,5,3,2,0,3,2,0,39,16.78,9.46,40,5,0.0
safe_1,3,148,1510.82,10.21,18.95,44,3,0,2,1,0,3,1,24,18.95,10.86,45,3,0.0
risky_1,3,163,1529.85,9.39,16.78,44,4,1,3,0,1,3,0,43,16.78,9.07,43,2,0.0
safe_1,4,209,2008.38,9.61,18.95,44,5,0,5,0,0,6,0,36,14.31,11.23,45,3,0.0
risky_1,4,189,1977.99,10.47,16.78,45,4,2,2,0,1,5,0,50,16.78,9.46,44,3,0.0
safe_1,8,-,-,-,-,-,-,-,-,-,-,-,-,-,-,-,-,-
risky_1,8,-,-,-,-,-,-,-,-,-,-,-,-,-,-,-,-,-
safe_1,1,165,1691.28,10.25,18.95,43,3,0,2,1,0,4,1,19,9.48,12.74,42,4,0.0
risky_1,1,176,1716.56,9.75,16.78,42,3,1,2,0,2,3,0,45,16.78,10.4,42,4,0.0
safe_1,4,207,2013.96,9.73,18.95,46,3,0,3,0,0,6,0,31,18.95,12.16,47,2,0.0
risky_1,4,221,2002.24,9.06,16.78,47,6,0,6,0,0,6,0,49,16.78,10.33,50,2,0.0
safe_1,6,173,1770.43,10.23,18.95,56,9,1,6,2,1,6,2,38,18.95,10.04,55,0,0.0
risky_1,6,198,1770.56,8.94,16.78,59,5,1,4,0,2,5,2,45,16.78,9.55,58,0,0.0
safe_1,2,288,2532.53,8.79,18.95,83,4,1,3,0,0,3,1,38,18.95,12.27,83,1,0.0
risky_1,2,227,2497.82,11.0,16.78,72,3,1,2,0,1,2,1,61,16.78,8.96,72,2,0.0
safe_1,7,248,2300.33,9.28,18.95,82,6,1,4,1,2,4,1,31,18.95,11.75,83,1,0.0
risky_1,7,232,2293.23,9.88,26.07,80,5,2,2,1,2,4,1,51,16.78,9.03,81,1,0.0
safe_1,5,134,1490.96,11.13,18.95,43,4,1,3,0,1,3,0,20,9.48,11.25,43,2,0.0
risky_1,5,156,1497.52,9.6,16.78,36,3,2,1,0,2,2,0,44,16.78,10.59,35,2,0.0
safe_1,10,229,2152.62,9.4,18.95,66,6,2,4,0,2,5,1,28,11.37,11.95,65,1,0.0
risky_1,10,199,2149.03,10.8,16.78,63,8,3,5,0,2,6,0,56,16.78,9.03,63,0,0.0
safe_1,4,222,2019.94,9.1,18.95,47,5,0,5,0,0,6,0,29,14.31,11.58,50,0,0.0
risky_1,4,200,2011.76,10.06,16.78,46,4,0,4,0,1,5,0,51,16.78,8.78,47,1,0.0
safe_1,4,195,1992.92,10.22,18.95,44,5,3,2,0,3,3,0,21,18.95,13.64,45,4,0.0
risky_1,4,210,1987.11,9.46,16.78,45,5,3,2,0,3,3,0,47,16.78,9.58,44,4,0.0
safe_1,7,230,2287.49,9.95,18.95,77,6,0,5,1,0,6,1,23,18.95,12.58,78,5,0.0
risky_1,7,232,2268.85,9.78,26.07,75,7,1,5,1,1,5,1,52,16.78,9.09,76,6,0.0
safe_1,10,221,2151.51,9.74,18.95,65,7,2,4,1,2,5,1,25,9.48,12.07,65,1,0.0
risky_1,10,202,2135.93,10.57,16.78,63,5,3,2,0,4,4,0,53,16.78,9.24,63,1,0.0
safe_1,9,230,2162.75,9.4,18.95,61,3,1,2,0,1,3,0,12,9.48,17.14,60,3,0.0
risky_1,9,202,2165.82,10.72,16.78,63,3,1,2,0,1,3,0,52,16.78,9.83,63,3,0.0
safe_1,5,157,1510.82,9.62,18.95,45,3,1,2,0,1,3,0,16,9.48,12.26,45,1,0.0
risky_1,5,147,1496.07,10.18,16.78,42,3,1,2,0,2,2,0,33,16.78,9.24,42,1,0.0
safe_1,9,244,2172.36,8.9,18.95,64,4,1,3,0,1,3,0,14,9.48,16.96,63,1,0.0
risky_1,9,200,2168.22,10.84,16.78,63,2,0,2,0,2,2,0,46,16.78,8.87,62,1,0.0
safe_1,3,145,1544.55,10.65,18.95,45,3,1,2,0,1,3,0,25,10.01,8.91,46,2,0.0
risky_1,3,147,1533.55,10.43,16.78,46,2,2,0,0,2,1,1,30,16.78,9.05,45,2,0.0
safe_1,4,219,2017.3,9.21,18.95,47,5,1,4,0,1,5,0,24,14.31,12.63,48,1,0.0
risky_1,4,181,1991.65,11.0,16.78,45,5,2,3,0,2,4,0,37,16.78,9.73,44,2,0.0
safe_1,7,237,2307.85,9.74,18.95,76,7,2,4,1,2,4,1,28,10.79,11.53,77,2,0.0
risky_1,7,209,2230.88,10.67,26.07,73,6,0,5,1,1,5,1,39,16.78,8.77,74,2,0.0
safe_1,9,237,2179.87,9.2,18.95,63,4,0,4,0,0,4,0,11,9.48,19.24,62,1,0.0
risky_1,9,195,2163.69,11.1,16.78,58,3,0,3,0,1,3,0,46,16.78,9.08,57,1,0.0
safe_1,3,147,1543.62,10.5,18.95,44,4,1,3,0,1,3,0,21,9.48,9.73,45,4,0.0
risky_1,3,155,1528.06,9.86,16.78,44,4,0,4,0,0,4,0,30,16.78,8.51,45,4,0.0
safe_1,4,217,2017.32,9.3,18.95,47,3,1,2,0,1,5,0,23,14.31,13.85,48,1,0.0
risky_1,4,194,2005.2,10.34,16.78,47,5,1,4,0,1,5,0,44,16.78,9.06,49,3,0.0
safe_1,1,176,1738.48,9.88,18.95,46,5,0,5,0,0,5,0,17,9.48,13.42,45,1,0.0
risky_1,1,156,1721.96,11.04,16.78,42,4,0,4,0,0,5,0,37,16.78,9.41,41,1,0.0
safe_1,8,-,-,-,-,-,-,-,-,-,-,-,-,-,-,-,-,-
risky_1,8,-,-,-,-,-,-,-,-,-,-,-,-,-,-,-,-,-
safe_1,9,233,2179.83,9.36,18.95,61,4,0,4,0,0,4,0,14,11.37,15.96,60,1,0.0
risky_1,9,180,2169.15,12.05,16.78,55,4,0,4,0,0,4,0,40,16.78,8.44,54,1,0.0
safe_1,9,240,2173.27,9.06,18.95,61,3,1,2,0,1,3,0,12,18.95,19.19,61,2,0.0
risky_1,9,199,2170.52,10.91,16.78,60,4,1,3,0,1,3,0,44,16.78,10.22,59,1,0.0
safe_1,6,182,1738.98,9.55,18.95,52,8,0,6,2,0,7,2,28,9.48,11.19,51,2,0.0
risky_1,6,171,1717.81,10.05,16.78,56,7,1,5,1,2,6,1,27,10.07,9.22,55,4,0.0
safe_1,5,158,1506.19,9.53,18.95,47,4,1,3,0,1,3,0,15,9.48,12.47,47,1,0.0
risky_1,5,139,1487.24,10.7,16.78,41,3,3,0,0,3,1,0,35,16.78,8.41,41,1,0.0
safe_1,9,240,2180.45,9.09,18.95,61,4,0,4,0,0,4,0,11,9.48,19.41,60,2,0.0
risky_1,9,182,2172.46,11.94,16.78,60,4,2,2,0,2,2,0,41,16.78,8.48,59,1,0.0
safe_1,1,182,1736.29,9.54,18.95,49,4,1,3,0,2,3,0,15,9.48,12.13,48,2,0.0
risky_1,1,160,1742.38,10.89,16.78,43,3,0,3,0,2,3,0,35,16.78,8.94,44,1,0.0
safe_1,9,245,2179.54,8.9,18.95,63,2,1,1,0,2,2,0,7,10.8,26.89,63,2,0.0
risky_1,9,194,2163.06,11.15,16.78,61,4,0,4,0,0,4,0,29,16.78,9.67,60,1,0.0
safe_1,7,240,2298.85,9.58,18.95,79,7,2,4,1,2,4,1,23,9.48,11.17,80,1,0.0
risky_1,7,222,2245.81,10.12,26.07,79,6,2,3,1,2,4,1,43,16.78,8.66,79,2,0.0
safe_1,10,225,2148.15,9.55,18.95,61,6,3,3,0,3,5,0,24,11.32,12.44,61,1,0.0
risky_1,10,184,2148.29,11.68,16.78,63,7,2,5,0,2,6,0,40,16.78,8.88,63,1,0.0
safe_1,10,225,2151.21,9.56,18.95,61,8,0,7,1,0,7,1,25,18.95,12.49,61,1,0.0
risky_1,10,191,2148.31,11.25,16.78,63,3,2,1,0,3,5,0,38,16.78,9.99,62,0,0.0
safe_1,4,217,2021.12,9.31,18.95,47,5,2,3,0,2,4,0,18,14.31,14.96,48,1,0.0
risky_1,4,183,1996.89,10.91,16.78,45,5,1,4,0,1,5,0,40,13.73,8.38,46,2,0.0
safe_1,10,225,2149.21,9.55,18.95,59,7,0,6,1,0,7,1,26,18.95,11.97,58,1,0.0
risky_1,10,191,2139.2,11.2,16.78,64,5,0,4,1,1,6,1,47,16.78,9.17,64,1,0.0
safe_1,9,234,2173.07,9.29,18.95,63,4,0,4,0,0,4,0,14,10.8,16.24,62,3,0.0
risky_1,9,181,2155.14,11.91,16.78,59,2,0,2,0,1,3,0,33,16.78,9.97,58,3,0.0
safe_1,4,216,2014.27,9.33,18.95,48,5,1,4,0,1,5,0,18,14.31,14.82,49,1,0.0
risky_1,4,179,1981.36,11.07,16.78,44,6,3,3,0,3,3,0,39,16.78,8.28,45,2,0.0
safe_1,1,175,1741.95,9.95,18.95,48,5,1,4,0,1,4,0,19,9.48,10.85,47,2,0.0
risky_1,1,141,1722.81,12.22,16.78,39,4,1,2,1,1,3,1,23,16.78,8.46,38,2,0.0
safe_1,8,-,-,-,-,-,-,-,-,-,-,-,-,-,-,-,-,-
risky_1,8,-,-,-,-,-,-,-,-,-,-,-,-,-,-,-,-,-
safe_1,8,-,-,-,-,-,-,-,-,-,-,-,-,-,-,-,-,-
risky_1,8,-,-,-,-,-,-,-,-,-,-,-,-,-,-,-,-,-
safe_1,9,242,2180.24,9.01,18.95,62,4,0,4,0,0,4,0,12,10.8,18.49,61,2,0.0
risky_1,9,185,2166.88,11.71,16.78,61,3,0,3,0,1,3,0,30,16.78,9.06,60,1,0.0
safe_1,6,183,1764.71,9.64,18.95,57,8,0,6,2,0,7,2,32,9.48,10.65,56,1,0.0
risky_1,6,166,1754.73,10.57,16.78,56,8,3,4,1,4,4,1,31,10.07,8.54,55,1,0.0
safe_1,4,209,2006.45,9.6,18.95,45,5,1,4,0,1,5,0,20,14.31,14.08,46,2,0.0
risky_1,4,180,2008.71,11.16,16.78,48,4,2,2,0,3,3,0,38,16.78,8.0,49,2,0.0
safe_1,2,293,2535.45,8.65,18.95,78,3,0,2,1,1,3,0,15,11.37,19.73,78,1,0.0
risky_1,2,212,2523.43,11.9,16.78,73,3,1,2,0,1,3,0,39,16.78,9.02,73,1,0.0
safe_1,9,243,2175.56,8.95,18.95,63,2,0,2,0,0,4,0,9,10.8,22.58,63,1,0.0
risky_1,9,172,2166.38,12.6,16.78,61,2,0,2,0,2,2,0,34,16.78,7.9,60,1,0.0
safe_1,4,222,2014.96,9.08,18.95,45,5,1,4,0,1,5,0,21,14.31,14.09,46,1,0.0
risky_1,4,187,1996.06,10.67,16.78,43,5,2,3,0,3,3,0,44,16.78,8.31,46,1,0.0
safe_1,6,182,1771.75,9.73,18.95,56,9,0,7,2,0,7,2,31,9.48,10.53,55,2,0.0
risky_1,6,161,1748.06,10.86,16.78,57,4,1,3,0,3,5,1,32,16.78,8.04,56,1,0.0
safe_1,6,191,1764.71,9.24,18.95,57,8,2,5,1,3,5,1,26,18.95,11.4,56,1,0.0
risky_1,6,160,1744.49,10.9,16.78,53,7,1,5,1,3,5,1,25,16.78,8.11,52,1,0.0
safe_1,8,-,-,-,-,-,-,-,-,-,-,-,-,-,-,-,-,-
risky_1,8,-,-,-,-,-,-,-,-,-,-,-,-,-,-,-,-,-
safe_1,8,-,-,-,-,-,-,-,-,-,-,-,-,-,-,-,-,-
risky_1,8,-,-,-,-,-,-,-,-,-,-,-,-,-,-,-,-,-
safe_1,7,242,2300.29,9.51,18.95,79,6,2,3,1,2,4,1,21,9.48,13.32,80,1,0.0
risky_1,7,205,2240.22,10.93,26.07,76,3,1,2,0,3,3,1,46,10.07,8.8,78,2,0.0
safe_1,9,240,2180.07,9.08,18.95,62,2,0,2,0,1,3,0,10,9.48,19.36,62,1,0.0
risky_1,9,191,2165.24,11.34,16.78,62,4,2,2,0,2,2,0,27,16.78,10.8,61,1,0.0
safe_1,9,244,2172.24,8.9,18.95,62,4,1,3,0,1,3,0,11,9.48,18.69,62,2,0.0
risky_1,9,182,2169.25,11.92,16.78,63,4,2,2,0,2,2,0,32,16.78,8.47,62,1,0.0
safe_1,10,223,2150.31,9.64,18.95,64,7,2,4,1,3,4,1,23,18.95,13.1,64,1,0.0
risky_1,10,181,2150.96,11.88,16.78,65,7,2,5,0,3,5,0,29,16.78,8.55,65,1,0.0
safe_1,7,250,2300.72,9.2,18.95,82,7,1,5,1,1,5,1,17,9.48,14.77,82,1,0.0
risky_1,7,211,2247.44,10.65,26.07,77,6,1,4,1,2,4,1,25,16.78,8.51,80,3,0.0
safe_1,10,222,2149.27,9.68,18.95,64,7,1,5,1,0,7,1,27,10.88,12.02,64,0,0.0
risky_1,10,186,2150.19,11.56,16.78,59,7,4,3,0,4,4,0,30,16.78,8.23,59,1,0.0
safe_1,8,-,-,-,-,-,-,-,-,-,-,-,-,-,-,-,-,-
risky_1,8,-,-,-,-,-,-,-,-,-,-,-,-,-,-,-,-,-
safe_1,9,242,2178.25,9.0,18.95,64,4,0,4,0,0,4,0,12,18.95,20.3,63,2,0.0
risky_1,9,176,2176.49,12.37,16.78,60,4,1,3,0,1,3,0,27,16.78,8.54,59,1,0.0
safe_1,7,250,2300.72,9.2,18.95,82,7,1,5,1,1,5,1,17,9.48,14.77,82,1,0.0
risky_1,7,209,2247.77,10.75,26.07,79,6,1,4,1,0,6,1,29,16.78,8.27,79,2,0.0
safe_1,8,-,-,-,-,-,-,-,-,-,-,-,-,-,-,-,-,-
risky_1,8,-,-,-,-,-,-,-,-,-,-,-,-,-,-,-,-,-
safe_1,5,158,1503.87,9.52,18.95,45,4,1,3,0,1,3,0,18,18.95,12.7,45,1,0.0
risky_1,5,139,1507.02,10.84,16.78,43,2,1,1,0,2,2,0,23,16.78,8.21,43,1,0.0
safe_1,4,217,2015.69,9.29,18.95,47,5,2,3,0,2,4,0,19,14.31,14.5,48,1,0.0
risky_1,4,181,1999.32,11.05,16.78,47,2,0,2,0,0,6,0,35,10.53,7.95,48,1,0.0
safe_1,9,243,2174.9,8.95,18.95,62,2,0,2,0,0,4,0,10,9.48,20.63,61,1,0.0
risky_1,9,184,2180.02,11.85,16.78,60,4,1,3,0,1,3,0,25,16.78,9.42,59,1,0.0
safe_1,6,184,1772.24,9.63,18.95,57,9,0,7,2,0,7,2,30,9.48,11.05,56,1,0.0
risky_1,6,162,1752.47,10.82,16.78,58,6,1,4,1,3,5,1,29,16.78,9.12,57,1,0.0
safe_1,9,242,2179.13,9.0,18.95,64,4,1,3,0,1,3,0,9,9.48,22.38,63,2,0.0
risky_1,9,178,2170.45,12.19,16.78,61,3,0,3,0,0,4,0,28,16.78,8.56,60,1,0.0
safe_1,7,248,2300.12,9.27,18.95,82,7,1,5,1,1,5,1,22,9.48,12.98,82,1,0.0
risky_1,7,207,2297.48,11.1,26.07,75,4,2,2,0,2,4,1,25,26.07,9.44,75,1,0.0
safe_1,9,242,2177.32,9.0,18.95,63,3,0,3,0,0,4,0,11,9.48,18.67,63,2,0.0
risky_1,9,178,2168.16,12.18,16.78,60,3,1,2,0,2,2,0,24,16.78,8.87,59,1,0.0
safe_1,8,-,-,-,-,-,-,-,-,-,-,-,-,-,-,-,-,-
risky_1,8,-,-,-,-,-,-,-,-,-,-,-,-,-,-,-,-,-
safe_1,1,176,1742.48,9.9,18.95,47,5,2,3,0,2,3,0,13,9.48,13.83,46,2,0.0
risky_1,1,149,1725.54,11.58,16.78,46,5,1,4,0,1,4,0,20,16.78,8.59,45,1,0.0
safe_1,1,176,1734.29,9.85,18.95,47,4,0,4,0,0,5,0,18,9.48,12.44,46,2,0.0
risky_1,1,149,1697.61,11.39,16.78,44,3,0,2,1,1,3,1,21,10.07,8.41,43,1,0.0
safe_1,3,146,1541.49,10.56,18.95,47,1,0,1,0,1,3,0,22,14.31,10.35,48,1,0.0
risky_1,3,141,1534.89,10.89,16.78,43,3,0,2,1,1,2,1,23,10.07,7.53,44,1,0.0
safe_1,10,223,2150.51,9.64,18.95,64,6,0,6,0,2,6,0,26,9.48,11.15,63,1,0.0
risky_1,10,180,2153.09,11.96,16.78,61,5,2,3,0,3,5,0,37,16.78,7.0,61,0,0.0
safe_1,4,217,2014.65,9.28,18.95,48,5,3,2,0,3,3,0,20,14.31,13.29,49,1,0.0
risky_1,4,178,2003.18,11.25,16.78,45,3,1,2,0,2,4,0,32,16.78,8.24,45,1,0.0
safe_1,1,176,1733.2,9.85,18.95,47,5,0,5,0,0,5,0,17,9.48,12.44,46,2,0.0
risky_1,1,147,1719.26,11.7,16.78,46,4,0,4,0,0,5,0,20,10.07,8.15,45,1,0.0
safe_1,4,217,2022.27,9.32,18.95,47,5,1,4,0,1,5,0,19,14.31,15.06,48,1,0.0
risky_1,4,181,2003.19,11.07,16.78,44,4,1,3,0,2,4,0,26,16.78,8.62,46,1,0.0
safe_1,2,292,2533.19,8.68,18.95,80,4,1,3,0,1,3,0,17,11.37,17.82,80,1,0.0
risky_1,2,201,2523.46,12.55,16.78,74,4,0,4,0,0,3,1,26,10.07,6.75,74,1,0.0
safe_1,6,163,1729.76,10.61,18.95,51,7,1,4,2,2,5,2,32,9.48,9.77,50,3,0.0
risky_1,6,164,1758.17,10.72,16.78,59,6,3,2,1,4,4,1,24,16.78,8.49,58,3,0.0
safe_1,1,176,1721.77,9.78,18.95,45,5,0,5,0,0,5,0,16,12.69,12.77,44,2,0.0
risky_1,1,140,1711.25,12.22,16.78,38,2,0,2,0,1,4,0,24,16.78,8.08,37,2,0.0
safe_1,1,177,1742.39,9.84,18.95,49,5,0,5,0,0,5,0,16,18.95,13.52,48,2,0.0
risky_1,1,144,1719.78,11.94,16.78,42,5,0,5,0,0,5,0,23,10.07,6.9,42,2,0.0
safe_1,6,182,1763.72,9.69,18.95,59,9,1,6,2,1,6,2,29,9.48,10.99,58,1,0.0
risky_1,6,167,1756.07,10.52,16.78,57,8,4,2,2,4,3,2,21,16.78,8.55,56,0,0.0
safe_1,10,224,2155.53,9.62,18.95,61,7,0,6,1,0,7,1,26,11.32,11.7,61,1,0.0
risky_1,10,182,2152.27,11.83,16.78,65,8,3,4,1,3,4,1,27,16.78,9.13,65,0,0.0
safe_1,4,217,2021.4,9.32,18.95,46,5,2,3,0,2,4,0,20,14.31,13.71,47,1,0.0
risky_1,4,181,2013.15,11.12,16.78,46,3,0,3,0,2,4,0,27,10.53,7.73,47,1,0.0
safe_1,5,155,1510.12,9.74,18.95,43,4,3,1,0,3,1,0,14,9.48,12.7,43,1,0.0
risky_1,5,132,1494.06,11.32,16.78,42,3,1,2,0,2,2,0,21,10.07,6.84,42,1,0.0
safe_1,3,147,1546.72,10.52,18.95,42,3,1,2,0,1,3,0,20,9.48,9.87,42,2,0.0
risky_1,3,144,1531.07,10.63,16.78,45,4,1,2,1,1,2,1,22,10.07,7.41,44,2,0.0
safe_1,2,290,2516.76,8.68,18.95,80,4,2,2,0,2,1,1,15,18.95,18.68,79,1,0.0
risky_1,2,207,2522.91,12.19,16.78,74,4,0,3,1,1,3,0,25,16.78,7.65,74,2,0.0
safe_1,7,240,2298.8,9.58,18.95,80,7,2,4,1,2,4,1,22,9.48,11.47,81,1,0.0
risky_1,7,215,2278.26,10.6,26.07,77,7,2,4,1,2,4,1,25,16.78,8.93,78,1,0.0
safe_1,3,146,1522.74,10.43,18.95,46,4,0,3,1,0,3,1,20,9.48,10.19,45,1,0.0
risky_1,3,143,1532.89,10.72,16.78,45,4,1,2,1,1,2,1,23,16.78,7.64,44,1,0.0
safe_1,6,182,1766.95,9.71,18.95,57,9,0,7,2,0,7,2,33,9.48,10.34,56,1,0.0
risky_1,6,160,1758.85,10.99,16.78,60,5,3,1,1,6,2,1,21,10.07,7.57,59,0,0.0
safe_1,4,215,2015.6,9.37,18.95,48,5,2,3,0,2,4,0,19,14.31,15.16,49,1,0.0
risky_1,4,178,2002.28,11.25,16.78,48,5,1,4,0,1,5,0,28,16.78,7.38,47,1,0.0
safe_1,6,191,1768.15,9.26,18.95,58,9,2,5,2,2,5,2,31,18.95,11.04,57,1,0.0
risky_1,6,159,1757.3,11.05,16.78,54,5,1,3,1,3,5,1,26,16.78,7.93,53,1,0.0
safe_1,3,141,1515.39,10.75,18.95,44,3,0,2,1,0,3,1,22,9.48,9.98,44,2,0.0
risky_1,3,146,1542.17,10.56,16.78,46,3,1,1,1,2,1,1,23,16.78,7.88,45,2,0.0
safe_1,2,291,2521.39,8.66,18.95,77,3,1,1,1,2,1,1,19,9.48,14.34,78,1,0.0
risky_1,2,208,2508.15,12.06,16.78,74,4,0,3,1,0,4,0,25,10.07,7.73,73,2,0.0
safe_1,8,-,-,-,-,-,-,-,-,-,-,-,-,-,-,-,-,-
risky_1,8,-,-,-,-,-,-,-,-,-,-,-,-,-,-,-,-,-
safe_1,6,182,1763.72,9.69,18.95,56,7,0,5,2,0,7,2,32,9.48,10.83,55,1,0.0
risky_1,6,156,1746.63,11.2,16.78,59,7,4,3,0,5,3,1,20,8.39,8.39,58,1,0.0
safe_1,7,244,2300.43,9.43,18.95,81,5,2,2,1,2,4,1,21,9.48,12.07,82,1,0.0
risky_1,7,211,2293.53,10.87,26.07,80,5,0,4,1,0,6,1,26,16.78,8.32,81,2,0.0
safe_1,9,243,2177.05,8.96,18.95,64,4,0,4,0,0,4,0,10,9.48,20.32,63,2,0.0
risky_1,9,172,2171.19,12.62,16.78,58,3,0,3,0,1,3,0,18,8.47,8.44,57,1,0.0
safe_1,1,176,1734.33,9.85,18.95,43,4,1,3,0,2,3,0,18,9.48,10.66,42,2,0.0
risky_1,1,151,1738.65,11.51,16.78,41,5,1,4,0,1,4,0,21,16.78,7.62,41,0,0.0
safe_1,8,-,-,-,-,-,-,-,-,-,-,-,-,-,-,-,-,-
risky_1,8,-,-,-,-,-,-,-,-,-,-,-,-,-,-,-,-,-
safe_1,5,153,1508.15,9.86,18.95,45,3,1,2,0,2,2,0,16,9.48,12.04,45,1,0.0
risky_1,5,133,1493.78,11.23,16.78,41,4,0,4,0,0,4,0,21,10.07,7.38,40,1,0.0
safe_1,1,177,1734.81,9.8,18.95,46,5,0,5,0,0,5,0,15,9.48,13.34,45,2,0.0
risky_1,1,146,1725.47,11.82,16.78,44,5,0,5,0,0,5,0,20,16.78,7.26,43,1,0.0
safe_1,1,174,1736.77,9.98,18.95,48,5,0,5,0,0,5,0,15,9.48,13.66,47,3,0.0
risky_1,1,142,1713.68,12.07,16.78,38,4,1,2,1,2,2,1,24,10.07,7.57,37,3,0.0
safe_1,9,242,2173.3,8.98,18.95,64,3,0,3,0,0,4,0,9,10.8,22.66,63,2,0.0
risky_1,9,174,2161.96,12.43,16.78,62,3,0,3,0,1,3,0,21,16.78,8.22,61,1,0.0
safe_1,5,158,1509.78,9.56,18.95,44,4,2,2,0,1,3,0,18,9.48,11.65,44,1,0.0
risky_1,5,129,1494.82,11.59,16.78,43,1,0,1,0,3,1,0,25,16.78,7.59,43,1,0.0
safe_1,1,176,1733.35,9.85,18.95,45,5,1,4,0,1,4,0,14,9.48,13.37,44,2,0.0
risky_1,1,149,1732.21,11.63,16.78,42,4,1,3,0,1,4,0,18,16.78,7.87,41,0,0.0
safe_1,2,291,2532.64,8.7,18.95,78,3,0,2,1,1,3,0,15,9.48,19.06,78,1,0.0
risky_1,2,208,2515.31,12.09,16.78,73,3,1,1,1,2,2,0,21,10.07,7.4,72,1,0.0
safe_1,3,146,1538.58,10.54,18.95,44,3,0,3,0,0,4,0,24,9.48,9.95,45,1,0.0
risky_1,3,140,1531.31,10.94,16.78,48,4,1,2,1,1,2,1,22,16.78,7.58,47,1,0.0
safe_1,10,225,2149.87,9.55,18.95,63,7,3,3,1,3,4,1,26,11.32,12.06,63,1,0.0
risky_1,10,185,2155.39,11.65,16.78,64,6,2,3,1,3,4,1,31,16.78,7.94,63,0,0.0
safe_1,10,224,2150.56,9.6,18.95,62,7,0,6,1,0,7,1,26,14.0,11.68,62,1,0.0
risky_1,10,184,2140.69,11.63,16.78,63,6,1,4,1,3,4,1,26,16.78,8.67,62,0,0.0
safe_1,1,176,1741.77,9.9,18.95,45,5,0,5,0,0,5,0,15,9.48,13.0,44,1,0.0
risky_1,1,136,1736.46,12.77,16.78,41,3,0,3,0,1,4,0,19,9.8,7.03,40,1,0.0
safe_1,6,169,1755.26,10.39,18.95,59,9,3,5,1,3,5,1,28,11.37,10.47,58,3,0.0
risky_1,6,161,1731.08,10.75,16.78,54,7,2,3,2,3,4,2,19,10.07,8.24,53,2,0.0
safe_1,10,224,2151.3,9.6,18.95,64,7,2,5,0,2,6,0,26,11.32,12.22,63,1,0.0
risky_1,10,180,2151.96,11.96,16.78,66,5,1,4,0,3,5,0,28,10.07,7.41,66,0,0.0
safe_1,10,224,2155.72,9.62,18.95,62,8,0,7,1,0,7,1,27,14.0,11.89,62,1,0.0
risky_1,10,183,2143.97,11.72,16.78,63,6,3,2,1,4,3,1,29,16.78,8.45,62,0,0.0
safe_1,10,223,2155.84,9.67,18.95,65,6,0,6,0,1,7,0,26,9.48,11.44,64,1,0.0
risky_1,10,181,2151.0,11.88,16.78,65,5,0,5,0,2,6,0,29,16.78,8.19,64,0,0.0
safe_1,3,149,1547.83,10.39,18.95,47,3,0,3,0,0,4,0,23,11.54,9.73,48,1,0.0
risky_1,3,136,1526.88,11.23,16.78,43,3,1,2,0,2,2,0,21,10.07,7.25,42,1,0.0
safe_1,10,226,2150.78,9.52,18.95,60,7,2,4,1,2,5,1,27,11.32,11.19,60,1,0.0
risky_1,10,185,2152.42,11.63,16.78,64,6,0,5,1,2,5,1,31,16.78,8.83,63,0,0.0
safe_1,7,243,2304.01,9.48,18.95,77,6,2,3,1,2,4,1,21,12.78,13.35,78,1,0.0
risky_1,7,209,2284.19,10.93,26.07,77,6,1,4,1,1,5,1,25,12.22,8.06,77,2,0.0
safe_1,7,248,2298.56,9.27,18.95,79,7,1,5,1,2,4,1,19,18.95,14.4,79,1,0.0
risky_1,7,210,2257.78,10.75,26.07,75,6,2,3,1,3,3,1,20,10.07,8.22,76,1,0.0
safe_1,1,176,1733.21,9.85,18.95,48,5,2,3,0,2,3,0,15,9.48,11.69,47,2,0.0
risky_1,1,148,1722.96,11.64,16.78,41,3,0,3,0,0,5,0,17,16.78,8.71,40,1,0.0
safe_1,10,222,2148.81,9.68,18.95,61,7,0,6,1,0,7,1,28,11.32,11.65,61,1,0.0
risky_1,10,185,2150.03,11.62,16.78,65,7,1,5,1,1,6,1,31,15.37,8.09,65,0,0.0
safe_1,4,214,2015.24,9.42,18.95,46,5,0,5,0,0,6,0,21,14.31,13.95,47,1,0.0
risky_1,4,177,2013.14,11.37,16.78,45,5,1,4,0,1,5,0,31,10.07,7.18,44,1,0.0
safe_1,8,-,-,-,-,-,-,-,-,-,-,-,-,-,-,-,-,-
risky_1,8,-,-,-,-,-,-,-,-,-,-,-,-,-,-,-,-,-
safe_1,6,186,1769.69,9.51,18.95,57,9,4,4,1,4,4,1,30,18.95,10.56,56,1,0.0
risky_1,6,156,1753.19,11.24,16.78,56,7,3,2,2,3,4,2,21,10.07,7.24,55,1,0.0
safe_1,10,223,2150.53,9.64,18.95,61,6,0,5,1,0,7,1,27,14.0,11.83,61,1,0.0
risky_1,10,187,2142.27,11.46,16.78,65,7,1,5,1,2,5,1,29,16.78,8.23,64,0,0.0
safe_1,1,174,1734.74,9.97,18.95,51,4,1,3,0,1,4,0,14,9.48,13.79,50,4,0.0
risky_1,1,137,1686.18,12.31,16.78,41,5,1,4,0,1,4,0,19,16.78,7.95,40,4,0.0
safe_1,9,241,2176.75,9.03,18.95,62,4,0,4,0,0,4,0,10,9.48,20.43,61,2,0.0
risky_1,9,175,2166.06,12.38,16.78,59,3,0,3,0,1,3,0,23,16.78,8.36,58,1,0.0
safe_1,4,217,2014.45,9.28,18.95,47,5,3,2,0,3,3,0,21,14.31,13.11,48,1,0.0
risky_1,4,176,2001.78,11.37,16.78,49,5,1,4,0,1,5,0,30,16.78,6.89,48,1,0.0
safe_1,10,221,2149.59,9.73,18.95,63,5,1,3,1,1,6,1,27,18.95,11.9,62,1,0.0
risky_1,10,178,2148.41,12.07,16.78,63,6,1,5,0,1,7,0,31,16.78,7.97,63,1,0.0
safe_1,1,175,1734.38,9.91,18.95,47,5,0,5,0,0,5,0,17,9.48,12.0,46,2,0.0
risky_1,1,146,1716.64,11.76,16.78,41,5,2,3,0,2,3,0,18,10.07,6.9,41,1,0.0
safe_1,3,148,1547.6,10.46,18.95,46,2,0,2,0,0,4,0,23,10.55,9.61,47,1,0.0
risky_1,3,137,1527.0,11.15,16.78,44,3,1,1,1,1,2,1,21,10.22,7.04,43,1,0.0
safe_1,2,288,2531.06,8.79,18.95,78,4,1,2,1,1,2,1,18,9.48,17.36,78,1,0.0
risky_1,2,206,2508.6,12.18,16.78,71,4,2,1,1,3,1,0,22,10.07,7.59,70,1,0.0
safe_1,7,243,2303.57,9.48,18.95,79,6,2,3,1,2,4,1,19,12.78,13.31,80,1,0.0
risky_1,7,216,2290.02,10.6,26.07,80,7,3,3,1,3,3,1,26,16.78,8.44,82,2,0.0
safe_1,1,177,1736.17,9.81,18.95,48,5,0,5,0,0,5,0,14,9.48,13.33,47,2,0.0
risky_1,1,154,1733.74,11.26,16.78,40,3,2,1,0,3,2,0,21,16.78,9.0,39,1,0.0
safe_1,9,248,2180.21,8.79,18.95,64,3,0,3,0,0,4,0,9,9.48,22.38,64,3,0.0
risky_1,9,181,2153.55,11.9,16.78,58,3,2,1,0,2,2,0,25,16.78,8.99,57,1,0.0
safe_1,10,229,2154.92,9.41,18.95,62,8,3,4,1,3,4,1,26,11.32,12.04,62,1,0.0
risky_1,10,189,2151.25,11.38,16.78,62,6,2,3,1,3,4,1,36,16.78,8.97,62,0,0.0
safe_1,1,177,1734.28,9.8,18.95,47,5,1,4,0,1,4,0,14,9.48,13.62,46,2,0.0
risky_1,1,140,1716.88,12.26,16.78,42,4,0,4,0,1,4,0,21,16.78,7.99,41,2,0.0
safe_1,2,291,2532.55,8.7,18.95,77,3,0,2,1,1,3,0,16,9.48,18.84,76,1,0.0
risky_1,2,206,2522.16,12.24,16.78,77,3,1,1,1,3,1,0,32,16.78,7.73,77,1,0.0
safe_1,8,-,-,-,-,-,-,-,-,-,-,-,-,-,-,-,-,-
risky_1,8,-,-,-,-,-,-,-,-,-,-,-,-,-,-,-,-,-
safe_1,9,241,2174.81,9.02,18.95,63,2,0,2,0,0,4,0,10,10.8,20.34,62,2,0.0
risky_1,9,177,2162.16,12.22,16.78,60,4,0,4,0,0,4,0,27,16.78,8.77,59,1,0.0
safe_1,9,240,2175.12,9.06,18.95,62,2,0,2,0,1,3,0,10,9.48,19.28,61,2,0.0
risky_1,9,173,2170.47,12.55,16.78,55,4,1,3,0,1,3,0,20,16.78,8.67,54,1,0.0
safe_1,8,-,-,-,-,-,-,-,-,-,-,-,-,-,-,-,-,-
risky_1,8,-,-,-,-,-,-,-,-,-,-,-,-,-,-,-,-,-
safe_1,1,176,1719.53,9.77,18.95,44,5,1,4,0,1,4,0,16,9.48,10.89,43,2,0.0
risky_1,1,150,1732.65,11.55,16.78,43,4,0,4,0,1,4,0,18,16.78,9.07,42,2,0.0
safe_1,6,183,1771.3,9.68,18.95,58,8,0,6,2,0,7,2,30,9.48,10.92,57,1,0.0
risky_1,6,161,1747.57,10.85,16.78,59,8,1,6,1,2,6,1,24,10.07,8.18,58,1,0.0
safe_1,2,294,2533.4,8.62,18.95,74,3,0,2,1,1,3,0,16,9.48,18.28,75,1,0.0
risky_1,2,208,2522.1,12.13,16.78,71,4,0,3,1,0,4,0,25,16.78,8.27,71,1,0.0
safe_1,1,176,1735.12,9.86,18.95,48,5,0,5,0,0,5,0,16,9.48,12.2,47,1,0.0
risky_1,1,141,1712.67,12.15,16.78,41,4,2,2,0,2,3,0,22,10.07,7.41,40,2,0.0
safe_1,7,248,2300.07,9.27,18.95,81,7,1,5,1,1,5,1,19,9.48,14.18,81,1,0.0
risky_1,7,209,2262.65,10.83,26.07,75,7,3,3,1,2,4,1,19,16.78,9.15,76,2,0.0
safe_1,7,243,2300.01,9.47,18.95,81,6,2,3,1,2,4,1,23,9.48,12.88,82,1,0.0
risky_1,7,204,2240.1,10.98,26.07,80,5,1,3,1,2,4,1,24,10.07,8.24,81,2,0.0
safe_1,1,176,1733.74,9.85,18.95,46,4,1,3,0,2,3,0,13,9.48,12.9,45,2,0.0
risky_1,1,149,1721.41,11.55,16.78,43,5,0,5,0,0,5,0,14,10.07,7.65,42,0,0.0
safe_1,4,217,2014.54,9.28,18.95,46,4,0,4,0,0,6,0,19,14.31,15.21,47,1,0.0
risky_1,4,181,2007.66,11.09,16.78,44,3,1,2,0,2,4,0,27,16.78,8.41,45,1,0.0
safe_1,4,217,2007.05,9.25,18.95,46,5,2,3,0,2,4,0,18,14.31,15.06,47,2,0.0
risky_1,4,176,2012.11,11.43,16.78,45,3,1,2,0,1,5,0,30,10.07,6.92,44,1,0.0
safe_1,4,224,2017.56,9.01,18.95,46,5,1,4,0,1,5,0,17,14.31,15.05,47,1,0.0
risky_1,4,178,2012.09,11.3,16.78,47,4,1,3,0,2,4,0,30,10.53,7.23,46,1,0.0
safe_1,1,172,1741.4,10.12,18.95,47,5,1,4,0,1,4,0,18,9.48,12.3,46,3,0.0
risky_1,1,140,1722.55,12.3,16.78,41,2,1,1,0,4,1,0,18,10.07,7.15,40,3,0.0
safe_1,2,291,2533.1,8.7,18.95,78,3,0,2,1,1,3,0,15,9.48,19.19,78,1,0.0
risky_1,2,209,2523.36,12.07,16.78,71,4,0,3,1,1,3,0,27,16.78,9.22,70,1,0.0
safe_1,9,243,2174.93,8.95,18.95,63,3,0,3,0,0,4,0,11,9.48,19.85,62,2,0.0
risky_1,9,172,2176.24,12.65,16.78,62,4,1,3,0,1,3,0,19,10.07,7.83,61,1,0.0
safe_1,8,-,-,-,-,-,-,-,-,-,-,-,-,-,-,-,-,-
risky_1,8,-,-,-,-,-,-,-,-,-,-,-,-,-,-,-,-,-
safe_1,5,158,1506.19,9.53,18.95,47,4,1,3,0,1,3,0,15,9.48,12.47,47,1,0.0
risky_1,5,132,1496.5,11.34,16.78,42,2,1,1,0,2,2,0,22,10.07,7.53,41,1,0.0
safe_1,9,241,2177.83,9.04,18.95,64,4,0,4,0,0,4,0,11,10.8,19.02,63,2,0.0
risky_1,9,176,2167.9,12.32,16.78,64,3,1,2,0,2,2,0,24,10.07,7.76,63,1,0.0
safe_1,6,184,1766.29,9.6,18.95,58,9,1,7,1,1,7,1,32,9.48,10.44,57,1,0.0
risky_1,6,158,1764.68,11.17,16.78,56,6,0,5,1,3,5,1,23,16.78,7.85,55,1,0.0
safe_1,5,158,1506.19,9.53,18.95,47,4,1,3,0,1,3,0,15,9.48,12.47,47,1,0.0
risky_1,5,133,1498.18,11.26,16.78,42,4,0,4,0,0,4,0,23,10.07,7.52,42,1,0.0
safe_1,8,-,-,-,-,-,-,-,-,-,-,-,-,-,-,-,-,-
risky_1,8,-,-,-,-,-,-,-,-,-,-,-,-,-,-,-,-,-
safe_1,1,172,1742.19,10.13,18.95,44,5,0,5,0,0,5,0,16,9.48,12.53,43,3,0.0
risky_1,1,143,1717.14,12.01,16.78,43,3,1,2,0,3,2,0,15,16.78,8.78,42,3,0.0
safe_1,6,183,1771.08,9.68,18.95,59,8,0,6,2,0,7,2,32,9.48,10.8,58,1,0.0
risky_1,6,154,1748.84,11.36,16.78,58,6,3,1,2,5,2,2,18,16.78,8.22,57,1,0.0
safe_1,6,184,1769.15,9.61,18.95,58,8,0,6,2,0,7,2,32,9.48,10.71,57,1,0.0
risky_1,6,158,1754.78,11.11,16.78,58,8,1,5,2,2,5,2,22,10.07,7.75,57,1,0.0
safe_1,4,222,2017.28,9.09,18.95,46,5,1,4,0,1,5,0,19,14.31,14.86,47,1,0.0
risky_1,4,181,2007.09,11.09,16.78,46,3,0,3,0,2,4,0,33,10.07,7.04,48,1,0.0
safe_1,4,216,2018.03,9.34,18.95,47,5,2,3,0,2,4,0,21,14.31,13.44,48,1,0.0
risky_1,4,179,1999.25,11.17,16.78,46,6,2,4,0,2,4,0,28,16.78,7.75,47,1,0.0
safe_1,4,228,2014.57,8.84,18.95,49,5,0,5,0,0,6,0,18,14.31,15.19,50,1,0.0
risky_1,4,182,2011.74,11.05,16.78,43,5,0,5,0,0,6,0,33,16.78,7.95,45,1,0.0
safe_1,7,245,2297.73,9.38,18.95,82,6,3,2,1,3,3,1,19,12.78,14.0,83,1,0.0
risky_1,7,212,2262.8,10.67,26.07,74,6,1,5,0,1,5,1,22,26.07,8.54,75,3,0.0
safe_1,9,241,2175.65,9.03,18.95,61,3,0,3,0,0,4,0,10,9.48,20.56,60,2,0.0
risky_1,9,173,2167.36,12.53,16.78,60,3,0,3,0,0,4,0,21,16.78,8.39,59,1,0.0
safe_1,5,158,1506.19,9.53,18.95,47,4,1,3,0,1,3,0,15,9.48,12.47,47,1,0.0
risky_1,5,134,1494.98,11.16,16.78,41,4,0,4,0,0,4,0,21,16.78,8.18,41,1,0.0
safe_1,6,183,1766.61,9.65,18.95,56,7,0,5,2,0,7,2,33,9.48,10.68,55,1,0.0
risky_1,6,159,1745.87,10.98,16.78,59,7,1,5,1,1,7,1,21,16.78,9.04,58,1,0.0
safe_1,1,176,1742.07,9.9,18.95,47,5,0,5,0,0,5,0,18,9.48,11.64,46,2,0.0
risky_1,1,141,1718.1,12.19,16.78,43,5,0,5,0,0,5,0,20,10.07,6.9,43,2,0.0
safe_1,4,217,2014.45,9.28,18.95,47,5,3,2,0,3,3,0,21,14.31,13.11,48,1,0.0
risky_1,4,174,1990.52,11.44,16.78,42,3,1,2,0,2,4,0,29,16.78,7.58,43,2,0.0
safe_1,7,242,2303.67,9.52,18.95,80,7,2,4,1,2,4,1,20,9.48,12.86,81,1,0.0
risky_1,7,214,2276.71,10.64,26.07,79,7,3,3,1,3,3,1,23,10.07,8.11,81,1,0.0
safe_1,1,176,1733.2,9.85,18.95,47,5,0,5,0,0,5,0,15,9.48,12.84,46,2,0.0
risky_1,1,149,1728.69,11.6,16.78,45,5,0,5,0,0,5,0,14,16.78,8.19,44,1,0.0
safe_1,1,176,1733.91,9.85,18.95,44,5,2,3,0,2,3,0,16,9.48,11.08,43,2,0.0
risky_1,1,140,1729.81,12.36,16.78,43,5,1,3,1,1,3,1,23,16.78,7.9,42,2,0.0
safe_1,3,144,1544.87,10.73,18.95,43,2,1,1,0,2,2,0,19,9.48,8.87,43,2,0.0
risky_1,3,141,1542.14,10.94,16.78,42,4,0,3,1,0,3,1,21,10.07,7.43,41,2,0.0
safe_1,7,-,-,-,-,-,-,-,-,-,-,-,-,-,-,-,-,-
risky_1,7,210,2282.05,10.87,26.07,81,6,0,5,1,1,5,1,17,6.71,6.77,83,1,0.0
safe_1,3,146,1547.8,10.6,18.95,45,3,0,3,0,0,4,0,24,9.48,9.27,46,1,0.0
risky_1,3,136,1531.32,11.26,16.78,44,2,1,1,0,2,2,0,19,8.39,7.53,43,1,0.0
safe_1,6,182,1765.57,9.7,18.95,54,8,1,5,2,1,6,2,33,9.48,9.87,53,1,0.0
risky_1,6,157,1764.54,11.24,16.78,57,7,2,4,1,4,4,1,22,16.78,8.75,56,1,0.0
safe_1,9,243,2177.37,8.96,18.95,64,3,0,3,0,1,3,0,12,9.48,17.06,63,2,0.0
risky_1,9,174,2170.21,12.47,16.78,59,2,0,2,0,1,3,0,23,16.78,9.35,58,1,0.0
safe_1,3,144,1517.17,10.54,18.95,42,4,2,2,0,2,2,0,19,9.48,9.42,41,1,0.0
risky_1,3,149,1536.61,10.31,16.78,48,4,1,3,0,1,3,0,23,10.07,8.18,49,2,0.0
safe_1,1,177,1735.34,9.8,18.95,50,4,0,4,0,1,4,0,16,11.37,11.86,49,2,0.0
risky_1,1,153,1733.15,11.33,16.78,45,5,3,2,0,3,2,0,21,10.07,7.26,44,1,0.0
safe_1,4,218,2020.66,9.27,18.95,46,5,2,3,0,3,3,0,19,14.31,14.07,47,1,0.0
risky_1,4,180,2007.85,11.15,16.78,48,5,2,3,0,1,5,0,27,16.78,8.12,47,1,0.0
safe_1,2,287,2531.38,8.82,18.95,77,3,0,2,1,0,3,1,18,11.37,17.34,76,1,0.0
risky_1,2,209,2515.75,12.04,16.78,74,2,1,1,0,3,1,0,27,16.78,8.36,74,1,0.0
safe_1,8,-,-,-,-,-,-,-,-,-,-,-,-,-,-,-,-,-
risky_1,8,-,-,-,-,-,-,-,-,-,-,-,-,-,-,-,-,-
safe_1,8,-,-,-,-,-,-,-,-,-,-,-,-,-,-,-,-,-
risky_1,8,-,-,-,-,-,-,-,-,-,-,-,-,-,-,-,-,-
safe_1,9,240,2179.95,9.08,18.95,63,4,1,3,0,1,3,0,11,10.8,18.86,62,2,0.0
risky_1,9,173,2173.39,12.56,16.78,59,3,0,3,0,1,3,0,20,16.78,8.79,58,1,0.0
safe_1,1,176,1733.24,9.85,18.95,48,5,0,5,0,0,5,0,15,9.48,12.81,47,2,0.0
risky_1,1,149,1727.64,11.59,16.78,44,5,0,5,0,0,5,0,19,16.78,7.88,44,1,0.0
safe_1,7,240,2298.88,9.58,18.95,80,7,3,3,1,3,3,1,22,9.48,12.66,81,1,0.0
risky_1,7,211,2287.92,10.84,26.07,76,7,1,5,1,1,5,1,23,10.07,7.49,78,1,0.0
safe_1,6,182,1764.34,9.69,18.95,54,9,1,6,2,1,6,2,29,9.48,10.99,53,1,0.0
risky_1,6,160,1750.95,10.94,16.78,57,8,1,6,1,2,6,1,26,10.07,7.73,56,1,0.0
safe_1,1,178,1734.38,9.74,18.95,49,4,0,4,0,1,4,0,15,9.48,12.8,48,2,0.0
risky_1,1,139,1717.74,12.36,16.78,40,4,0,4,0,1,4,0,21,10.07,7.39,39,2,0.0
safe_1,2,295,2531.18,8.58,18.95,78,3,0,2,1,1,3,0,14,9.48,20.67,78,1,0.0
risky_1,2,207,2507.64,12.11,16.78,74,4,1,2,1,1,3,0,25,10.07,7.45,73,1,0.0
safe_1,3,148,1539.73,10.4,18.95,44,3,0,3,0,0,4,0,23,10.55,9.4,45,1,0.0
risky_1,3,141,1531.1,10.86,16.78,45,2,0,1,1,1,2,1,21,10.07,8.06,44,1,0.0
safe_1,2,294,2535.36,8.62,18.95,75,3,0,2,1,1,3,0,20,9.48,16.65,74,1,0.0
risky_1,2,209,2507.91,12.0,16.78,75,4,2,2,0,1,3,0,24,16.78,8.49,74,1,0.0
safe_1,3,149,1545.64,10.37,18.95,47,3,0,3,0,0,4,0,25,10.55,9.52,48,1,0.0
risky_1,3,139,1547.58,11.13,16.78,45,4,1,3,0,1,3,0,24,10.07,7.78,44,1,0.0
safe_1,1,176,1733.89,9.85,18.95,46,4,0,4,0,0,5,0,16,9.48,12.45,45,2,0.0
risky_1,1,141,1715.05,12.16,16.78,44,4,0,4,0,1,4,0,17,8.39,7.16,44,2,0.0
safe_1,1,176,1735.1,9.86,18.95,48,5,2,3,0,2,3,0,15,9.48,11.81,47,2,0.0
risky_1,1,150,1704.91,11.37,16.78,43,5,2,3,0,2,3,0,21,16.78,8.59,43,1,0.0
safe_1,2,290,2533.92,8.74,18.95,76,3,0,2,1,1,3,0,17,9.48,17.5,77,1,0.0
risky_1,2,209,2512.11,12.02,16.78,73,4,2,2,0,2,2,0,24,16.78,8.35,72,1,0.0
safe_1,7,242,2297.04,9.49,18.95,78,7,3,3,1,3,3,1,23,10.79,11.7,79,1,0.0
risky_1,7,209,2286.93,10.94,26.07,79,6,0,5,1,1,5,1,28,10.07,8.3,81,2,0.0
safe_1,3,148,1538.8,10.4,18.95,46,2,0,2,0,1,3,0,21,12.38,9.95,46,1,0.0
risky_1,3,140,1542.91,11.02,16.78,43,4,0,4,0,0,4,0,21,10.07,7.4,42,1,0.0
safe_1,8,-,-,-,-,-,-,-,-,-,-,-,-,-,-,-,-,-
risky_1,8,-,-,-,-,-,-,-,-,-,-,-,-,-,-,-,-,-
safe_1,9,242,2175.96,8.99,18.95,62,4,0,4,0,0,4,0,10,9.48,20.04,61,1,0.0
risky_1,9,175,2175.31,12.43,16.78,59,4,1,3,0,1,3,0,20,16.78,8.58,58,1,0.0
safe_1,6,171,1764.55,10.32,18.95,53,8,1,5,2,2,5,2,33,9.48,9.94,52,2,0.0
risky_1,6,158,1746.39,11.05,16.78,53,6,3,2,1,5,3,1,24,10.07,7.48,52,2,0.0
safe_1,2,290,2532.75,8.73,18.95,79,4,1,3,0,0,3,1,17,9.48,17.47,79,1,0.0
risky_1,2,214,2507.99,11.72,16.78,74,4,0,4,0,0,3,1,31,10.4,8.08,74,1,0.0
safe_1,1,177,1742.39,9.84,18.95,49,5,0,5,0,0,5,0,17,9.48,12.73,48,2,0.0
risky_1,1,142,1711.53,12.05,16.78,43,4,0,4,0,1,4,0,22,10.07,7.36,43,2,0.0
safe_1,9,242,2172.26,8.98,18.95,63,2,0,2,0,0,4,0,9,9.48,22.16,62,2,0.0
risky_1,9,170,2174.6,12.79,16.78,59,2,1,1,0,1,3,0,21,16.78,8.23,58,1,0.0
safe_1,4,222,2019.63,9.1,18.95,46,5,1,4,0,1,5,0,19,14.31,14.46,47,1,0.0
risky_1,4,180,2005.45,11.14,16.78,45,5,2,3,0,2,4,0,31,16.78,7.61,44,2,0.0
safe_1,1,177,1733.2,9.79,18.95,47,4,0,4,0,0,5,0,16,9.48,12.39,46,2,0.0
risky_1,1,148,1730.59,11.69,16.78,43,5,0,5,0,0,5,0,18,10.07,8.25,42,1,0.0
safe_1,7,243,2303.67,9.48,18.95,80,7,2,4,1,2,4,1,19,9.48,13.04,81,1,0.0
risky_1,7,206,2294.52,11.14,26.07,79,4,1,2,1,2,4,1,25,10.22,7.66,80,1,0.0
safe_1,10,227,2151.05,9.48,18.95,62,7,2,4,1,2,5,1,24,18.95,13.12,61,1,0.0
risky_1,10,180,2146.83,11.93,16.78,62,7,4,2,1,4,3,1,24,16.78,8.07,61,0,0.0
safe_1,10,224,2154.96,9.62,18.95,63,6,1,4,1,1,6,1,27,18.95,12.29,62,1,0.0
risky_1,10,181,2157.01,11.92,16.78,64,8,1,6,1,1,6,1,28,10.07,8.1,63,0,0.0
safe_1,2,300,2527.64,8.43,18.95,78,3,0,3,0,0,3,1,18,9.48,17.87,77,1,0.0
risky_1,2,208,2523.05,12.13,16.78,75,3,0,3,0,0,3,1,24,16.78,7.62,75,1,0.0
safe_1,10,221,2152.39,9.74,18.95,67,5,1,3,1,2,5,1,24,9.48,12.15,66,1,0.0
risky_1,10,181,2141.95,11.83,16.78,64,5,1,3,1,3,4,1,31,16.78,8.7,64,0,0.0
safe_1,8,-,-,-,-,-,-,-,-,-,-,-,-,-,-,-,-,-
risky_1,8,-,-,-,-,-,-,-,-,-,-,-,-,-,-,-,-,-
safe_1,4,219,2013.42,9.19,18.95,47,5,3,2,0,3,3,0,18,14.31,14.35,48,1,0.0
risky_1,4,174,1999.47,11.49,16.78,45,3,0,3,0,2,4,0,29,10.53,7.03,47,1,0.0
safe_1,4,217,2014.45,9.28,18.95,47,5,3,2,0,3,3,0,21,14.31,13.11,48,1,0.0
risky_1,4,176,2002.39,11.38,16.78,45,4,1,3,0,2,4,0,28,10.07,7.41,44,1,0.0
safe_1,3,145,1538.52,10.61,18.95,43,3,3,0,0,2,2,0,20,11.77,9.44,43,2,0.0
risky_1,3,142,1531.02,10.78,16.78,45,4,1,2,1,1,2,1,21,16.78,7.74,44,2,0.0
safe_1,5,157,1505.47,9.59,18.95,47,3,1,2,0,1,3,0,16,9.48,11.93,47,1,0.0
risky_1,5,136,1496.04,11.0,16.78,42,3,0,3,0,0,4,0,20,10.07,8.15,41,1,0.0
safe_1,2,294,2535.36,8.62,18.95,75,3,0,2,1,1,3,0,18,9.48,17.44,74,1,0.0
risky_1,2,204,2516.31,12.33,16.78,71,4,0,3,1,1,3,0,27,16.78,7.75,71,1,0.0
safe_1,4,214,2015.44,9.42,18.95,46,5,0,5,0,0,6,0,21,14.31,13.95,47,1,0.0
risky_1,4,180,2000.42,11.11,16.78,48,5,1,4,0,1,5,0,26,10.07,7.71,49,1,0.0
safe_1,10,223,2151.65,9.65,18.95,66,4,1,3,0,1,6,1,25,10.88,12.29,66,1,0.0
risky_1,10,177,2143.95,12.11,16.78,63,5,1,4,0,4,4,0,31,13.73,7.43,63,1,0.0
safe_1,9,241,2180.23,9.05,18.95,62,4,0,4,0,0,4,0,10,10.8,20.91,61,2,0.0
risky_1,9,175,2166.64,12.38,16.78,60,3,1,2,0,2,2,0,19,16.78,8.8,59,1,0.0
safe_1,1,176,1741.74,9.9,18.95,45,5,0,5,0,0,5,0,16,9.48,13.3,44,2,0.0
risky_1,1,140,1705.96,12.19,16.78,41,3,1,2,0,3,2,0,22,16.78,7.54,40,2,0.0
safe_1,3,148,1540.12,10.41,18.95,48,3,1,2,0,1,3,0,22,9.48,9.9,49,1,0.0
risky_1,3,136,1541.51,11.33,16.78,44,3,1,2,0,2,2,0,20,8.39,7.24,43,1,0.0
safe_1,2,289,2535.09,8.77,18.95,76,4,1,2,1,2,2,0,14,9.48,19.43,76,1,0.0
risky_1,2,207,2523.2,12.19,16.78,74,4,0,3,1,0,4,0,27,10.07,7.56,74,1,0.0
safe_1,10,223,2151.61,9.65,18.95,61,7,0,6,1,0,7,1,28,11.32,10.92,61,1,0.0
risky_1,10,183,2155.78,11.78,16.78,65,6,2,3,1,3,4,1,28,16.78,7.91,64,0,0.0
safe_1,8,-,-,-,-,-,-,-,-,-,-,-,-,-,-,-,-,-
risky_1,8,-,-,-,-,-,-,-,-,-,-,-,-,-,-,-,-,-
safe_1,6,190,1768.13,9.31,18.95,58,8,0,7,1,0,8,1,28,9.48,11.2,57,1,0.0
risky_1,6,157,1756.3,11.19,16.78,57,5,1,4,0,4,4,1,22,16.78,8.92,56,1,0.0
safe_1,9,241,2180.45,9.05,18.95,65,4,1,3,0,1,3,0,10,10.8,20.09,65,2,0.0
risky_1,9,168,2164.51,12.88,16.78,61,1,0,1,0,2,2,0,20,16.78,8.02,60,1,0.0
safe_1,9,251,2180.67,8.69,18.95,65,4,2,2,0,2,2,0,7,9.48,26.39,65,2,0.0
risky_1,9,176,2165.21,12.3,16.78,63,3,1,2,0,2,2,0,23,16.78,8.28,62,1,0.0
safe_1,8,-,-,-,-,-,-,-,-,-,-,-,-,-,-,-,-,-
risky_1,8,-,-,-,-,-,-,-,-,-,-,-,-,-,-,-,-,-
safe_1,4,217,2018.7,9.3,18.95,47,4,1,3,0,1,5,0,19,14.31,14.58,48,1,0.0
risky_1,4,184,2000.73,10.87,16.78,47,6,1,5,0,1,5,0,37,10.07,7.38,50,1,0.0
safe_1,5,152,1505.5,9.9,18.95,45,3,1,2,0,1,3,0,19,9.48,10.36,45,1,0.0
risky_1,5,128,1501.69,11.73,16.78,41,3,1,2,0,2,2,0,19,6.71,6.79,41,1,0.0
safe_1,2,292,2533.86,8.68,18.95,79,3,0,3,0,0,3,1,17,9.48,18.1,78,1,0.0
risky_1,2,206,2516.06,12.21,16.78,70,4,0,3,1,1,3,0,22,16.78,8.45,69,1,0.0
safe_1,2,294,2535.19,8.62,18.95,78,4,0,3,1,1,3,0,18,9.48,17.11,78,1,0.0
risky_1,2,204,2519.41,12.35,16.78,77,4,1,2,1,2,2,0,19,16.78,8.13,77,1,0.0
safe_1,7,244,2307.38,9.46,18.95,79,4,2,1,1,2,4,1,21,12.78,13.55,80,1,0.0
risky_1,7,207,2277.23,11.0,26.07,78,6,1,4,1,0,6,1,24,16.78,7.95,78,1,0.0
safe_1,2,296,2531.18,8.55,18.95,78,3,0,2,1,1,3,0,15,9.48,19.93,78,1,0.0
risky_1,2,209,2510.35,12.01,16.78,76,4,0,3,1,0,4,0,22,16.78,8.32,76,1,0.0
safe_1,4,217,2022.71,9.32,18.95,45,3,0,3,0,0,6,0,19,14.31,14.96,46,1,0.0
risky_1,4,181,2015.14,11.13,16.78,45,3,2,1,0,3,3,0,25,16.78,8.46,46,1,0.0
safe_1,9,241,2173.23,9.02,18.95,62,2,0,2,0,1,3,0,11,9.48,18.22,61,2,0.0
risky_1,9,172,2167.93,12.6,16.78,59,4,1,3,0,1,3,0,22,10.07,8.1,58,1,0.0
safe_1,2,295,2528.23,8.57,18.95,79,3,0,2,1,1,3,0,16,9.48,19.14,79,1,0.0
risky_1,2,208,2515.38,12.09,16.78,75,4,0,3,1,0,4,0,27,16.78,8.37,75,1,0.0
safe_1,7,247,2300.4,9.31,18.95,81,6,1,4,1,1,5,1,20,12.78,13.94,82,1,0.0
risky_1,7,211,2299.23,10.9,26.07,75,7,2,4,1,2,4,1,23,16.78,8.29,75,2,0.0
safe_1,1,176,1733.72,9.85,18.95,45,5,0,5,0,0,5,0,16,9.48,12.39,44,1,0.0
risky_1,1,146,1721.84,11.79,16.78,43,4,1,3,0,2,3,0,20,10.07,7.52,42,1,0.0
safe_1,2,294,2535.16,8.62,18.95,78,4,1,2,1,2,2,0,15,9.48,19.22,78,1,0.0
risky_1,2,212,2514.14,11.86,16.78,74,2,2,0,0,2,1,1,33,16.78,8.21,73,1,0.0
safe_1,7,243,2299.39,9.46,18.95,79,6,2,3,1,2,4,1,21,12.78,12.46,80,1,0.0
risky_1,7,207,2281.05,11.02,26.07,78,5,1,3,1,1,5,1,31,10.07,7.35,79,1,0.0
safe_1,5,153,1492.93,9.76,18.95,43,3,2,1,0,2,2,0,15,9.48,12.64,43,3,0.0
risky_1,5,128,1490.65,11.65,16.78,41,2,0,2,0,1,3,0,25,10.07,7.52,41,3,0.0
safe_1,7,243,2304.79,9.48,18.95,79,7,2,4,1,2,4,1,20,9.48,12.35,80,1,0.0
risky_1,7,207,2277.16,11.0,26.07,76,7,1,5,1,1,5,1,26,10.07,6.84,76,1,0.0
safe_1,7,244,2300.35,9.43,18.95,80,7,2,4,1,2,4,1,20,9.48,13.34,81,1,0.0
risky_1,7,208,2267.45,10.9,26.07,75,6,1,5,0,1,5,1,21,10.07,8.37,76,2,0.0
safe_1,1,176,1742.26,9.9,18.95,47,5,0,5,0,0,5,0,14,9.48,14.03,46,1,0.0
risky_1,1,143,1708.11,11.94,16.78,41,5,0,5,0,0,5,0,24,16.78,7.73,40,2,0.0
safe_1,3,149,1545.91,10.38,18.95,46,3,1,2,0,1,3,0,23,10.55,10.0,47,1,0.0
risky_1,3,135,1516.42,11.23,16.78,45,3,1,2,0,2,2,0,19,12.67,8.31,45,1,0.0
safe_1,6,184,1769.15,9.61,18.95,58,8,0,6,2,0,7,2,32,9.48,10.71,57,1,0.0
risky_1,6,158,1756.13,11.11,16.78,55,7,3,2,2,5,2,2,21,10.07,7.67,54,1,0.0
safe_1,7,242,2299.56,9.5,18.95,80,6,2,3,1,2,4,1,21,9.48,12.4,81,1,0.0
risky_1,7,211,2256.72,10.7,26.07,73,7,0,6,1,0,6,1,21,10.07,8.23,74,1,0.0
safe_1,7,243,2303.68,9.48,18.95,77,7,2,4,1,2,4,1,21,9.48,11.71,78,1,0.0
risky_1,7,210,2295.06,10.93,26.07,81,6,0,5,1,1,5,1,22,10.07,7.79,81,1,0.0
safe_1,1,175,1742.39,9.96,18.95,50,5,0,5,0,0,5,0,18,9.48,12.02,49,1,0.0
risky_1,1,143,1702.31,11.9,16.78,43,5,1,4,0,1,4,0,26,16.78,7.51,42,2,0.0
safe_1,9,242,2174.9,8.99,18.95,62,2,0,2,0,0,4,0,9,9.48,21.87,62,2,0.0
risky_1,9,170,2172.83,12.78,16.78,62,4,2,2,0,2,2,0,22,16.78,7.93,61,1,0.0
safe_1,8,-,-,-,-,-,-,-,-,-,-,-,-,-,-,-,-,-
risky_1,8,-,-,-,-,-,-,-,-,-,-,-,-,-,-,-,-,-
safe_1,10,224,2140.99,9.56,18.95,62,8,0,7,1,0,7,1,28,10.88,11.56,62,1,0.0
risky_1,10,181,2149.35,11.87,16.78,63,6,1,5,0,1,6,1,24,16.78,8.68,63,0,0.0
safe_1,10,223,2154.02,9.66,18.95,60,7,1,5,1,1,6,1,27,11.32,12.09,60,1,0.0
risky_1,10,179,2154.33,12.04,16.78,65,5,1,4,0,2,5,1,32,10.07,7.33,64,0,0.0
safe_1,7,243,2305.02,9.49,18.95,79,7,2,4,1,2,4,1,19,9.48,13.17,80,1,0.0
risky_1,7,209,2255.42,10.79,26.07,79,6,1,4,1,0,6,1,28,10.07,7.92,81,2,0.0
safe_1,7,251,2297.46,9.15,18.95,81,7,3,3,1,3,3,1,19,9.48,14.87,81,1,0.0
risky_1,7,211,2285.89,10.83,26.07,79,6,3,2,1,4,2,1,20,16.78,8.53,81,2,0.0
safe_1,9,243,2176.76,8.96,18.95,64,4,1,3,0,1,3,0,10,9.48,19.99,63,2,0.0
risky_1,9,172,2177.1,12.66,16.78,57,4,0,4,0,0,4,0,25,15.44,7.6,56,1,0.0
safe_1,4,225,2017.28,8.97,18.95,46,5,1,4,0,1,5,0,19,14.31,14.86,47,1,0.0
risky_1,4,177,2004.45,11.32,16.78,41,4,2,2,0,3,3,0,31,16.78,8.44,45,2,0.0
safe_1,10,224,2156.37,9.63,18.95,62,7,2,4,1,3,4,1,22,9.48,11.84,61,1,0.0
risky_1,10,183,2141.92,11.7,16.78,64,7,3,3,1,4,3,1,27,16.78,7.8,64,0,0.0
safe_1,5,158,1508.08,9.54,18.95,46,4,1,3,0,1,3,0,16,18.95,12.88,46,1,0.0
risky_1,5,134,1505.04,11.23,16.78,42,2,0,2,0,2,2,0,25,16.78,8.51,42,1,0.0
safe_1,9,241,2180.06,9.05,18.95,63,3,1,2,0,1,3,0,9,9.48,21.57,62,1,0.0
risky_1,9,173,2167.05,12.53,16.78,58,4,1,3,0,0,4,0,21,10.07,7.66,57,1,0.0
safe_1,7,243,2303.82,9.48,18.95,76,6,3,2,1,3,3,1,18,9.48,13.39,77,1,0.0
risky_1,7,216,2286.58,10.59,26.07,79,6,2,3,1,3,3,1,26,10.07,8.64,79,2,0.0
safe_1,1,177,1736.17,9.81,18.95,49,5,0,5,0,0,5,0,14,9.48,13.75,48,2,0.0
risky_1,1,149,1724.95,11.58,16.78,43,5,0,5,0,0,5,0,18,16.78,8.54,43,1,0.0
safe_1,1,176,1735.85,9.86,18.95,49,5,0,5,0,0,5,0,16,9.48,12.63,48,2,0.0
risky_1,1,150,1723.27,11.49,16.78,43,4,0,4,0,0,5,0,21,13.73,8.05,42,1,0.0
safe_1,6,181,1763.61,9.74,18.95,60,9,1,7,1,1,7,1,32,9.48,10.65,59,1,0.0
risky_1,6,161,1746.02,10.84,16.78,60,8,2,5,1,3,5,1,22,16.78,7.98,59,1,0.0
safe_1,4,215,2023.21,9.41,18.95,47,4,0,4,0,0,6,0,21,14.31,13.92,48,1,0.0
risky_1,4,181,2013.28,11.12,16.78,47,4,2,2,0,2,4,0,34,10.07,7.63,49,1,0.0
safe_1,9,241,2174.91,9.02,18.95,61,3,1,2,0,1,3,0,9,9.48,21.49,60,2,0.0
risky_1,9,170,2161.92,12.72,16.78,62,3,1,2,0,1,3,0,28,16.78,7.57,61,1,0.0
safe_1,3,146,1547.87,10.6,18.95,44,3,0,3,0,0,4,0,25,9.48,8.9,45,1,0.0
risky_1,3,140,1530.88,10.93,16.78,45,3,0,3,0,1,3,0,24,10.07,7.18,44,1,0.0
safe_1,5,158,1506.19,9.53,18.95,47,4,1,3,0,1,3,0,15,9.48,12.47,47,1,0.0
risky_1,5,136,1499.55,11.03,16.78,41,4,0,4,0,0,4,0,18,10.07,8.11,41,1,0.0
safe_1,5,155,1510.32,9.74,18.95,44,4,2,2,0,2,2,0,16,9.48,11.91,44,1,0.0
risky_1,5,137,1501.25,10.96,16.78,42,4,1,3,0,1,3,0,19,16.78,8.35,42,1,0.0
safe_1,10,238,2151.84,9.04,18.95,65,8,0,7,1,0,7,1,26,9.48,11.52,64,1,0.0
risky_1,10,183,2152.56,11.76,16.78,61,6,2,3,1,4,3,1,26,10.07,8.31,61,0,0.0
safe_1,9,237,2179.69,9.2,18.95,62,4,1,3,0,1,3,0,10,9.48,19.92,61,2,0.0
risky_1,9,179,2161.38,12.07,16.78,59,3,1,2,0,1,3,0,25,10.07,8.03,58,1,0.0
safe_1,8,-,-,-,-,-,-,-,-,-,-,-,-,-,-,-,-,-
risky_1,8,-,-,-,-,-,-,-,-,-,-,-,-,-,-,-,-,-
safe_1,4,221,2015.64,9.12,18.95,47,5,2,3,0,2,4,0,19,14.31,14.65,48,1,0.0
risky_1,4,181,1997.43,11.04,16.78,47,6,1,5,0,1,5,0,33,16.78,7.97,48,1,0.0
safe_1,4,228,2018.17,8.85,18.95,46,5,1,4,0,1,5,0,17,14.31,15.76,47,1,0.0
risky_1,4,179,1999.7,11.17,16.78,47,4,1,3,0,1,5,0,26,10.07,7.93,46,1,0.0
safe_1,1,177,1734.61,9.8,18.95,48,5,0,5,0,0,5,0,17,9.48,12.53,47,2,0.0
risky_1,1,148,1719.91,11.62,16.78,43,5,0,5,0,0,5,0,22,16.78,7.97,42,1,0.0
safe_1,5,153,1510.5,9.87,18.95,44,3,1,2,0,2,2,0,17,9.48,11.1,44,1,0.0
risky_1,5,131,1500.16,11.45,16.78,45,3,1,2,0,3,1,0,22,10.07,6.94,45,1,0.0
safe_1,3,146,1543.15,10.57,18.95,42,3,0,3,0,0,4,0,22,9.48,9.96,43,1,0.0
risky_1,3,143,1542.42,10.79,16.78,47,4,2,1,1,2,1,1,22,10.07,8.26,46,1,0.0
safe_1,3,147,1543.96,10.5,18.95,44,3,0,3,0,0,4,0,21,9.48,9.41,44,2,0.0
risky_1,3,140,1527.0,10.91,16.78,45,4,1,2,1,1,2,1,21,16.78,7.72,44,2,0.0
